geometry_id,shape_type,complexity_level,thickness,hole_radius,hole_spacing,curvature,porosity,material_type,density,youngs_modulus,poissons_ratio,cost,sustainability_index,surface_area,perimeter,curvature_metric,volume,area_thickness_ratio,num_holes,compactness,convexity,mesh_file_path,cross_section_file_path
geom_000008,star,3,0.0066621997785537,0.0047190019449143,0.0117975048622859,0.1979872882979786,86.63369391760608,cardboard,736.6033850599504,167670901.61222833,0.2282978560560658,9.277485848585142,0.8643595283969802,0.4197710756818456,20.45693941484915,0.0,0.0002009168094588,63.00787872395069,0,0.0012411227092642,0.2590681087086027,data/geometries/geometries/geom_000008.obj,data/geometries/geometries/geom_000008_2d.json
geom_000009,polygon,3,0.0051860606411235,0.0035604253458389,0.0089010633645974,0.2644585783524238,81.04889903923724,cardboard,634.8361442175328,125052015.89135124,0.2806319908823789,6.497812480351282,0.8242023030973765,0.3705924039742499,35.44510967024904,0.0,0.0002166761764965,71.4593271500897,0,0.0005398054052098,0.4133234290292122,data/geometries/geometries/geom_000009.obj,data/geometries/geometries/geom_000009_2d.json
